player;imagen
Álvaro Borja Morata Martín;https://cdn.resfu.com/img_data/players/medium/40603.jpg?size=120x&lossy=1
Pau Francisco Torres;https://cdn.resfu.com/img_data/players/medium/289964.jpg?size=120x&lossy=1
Aymeric Laporte;https://cdn.resfu.com/img_data/players/medium/124620.jpg?size=120x&lossy=1
Jordi Alba Ramos;https://cdn.resfu.com/img_data/players/medium/28113.jpg?size=120x&lossy=1
Pablo Sarabia García;https://cdn.resfu.com/img_data/players/medium/42921.jpg?size=120x&lossy=1
Jorge Resurrección Merodio;https://cdn.resfu.com/img_data/players/medium/33661.jpg?size=120x&lossy=1
Silvan Widmer;https://cdn.resfu.com/img_data/players/medium/186708.jpg?size=120x&lossy=1
Nico Elvedi;https://cdn.resfu.com/img_data/players/medium/210782.jpg?size=120x&lossy=1
Unai Simón Mendibil;https://cdn.resfu.com/img_data/players/medium/192428.jpg?size=120x&lossy=1
Sergio Busquets i Burgos;https://cdn.resfu.com/img_data/players/medium/27059.jpg?size=120x&lossy=1
Ferrán Torres García;https://cdn.resfu.com/img_data/players/medium/342274.jpg?size=120x&lossy=1
César Azpilicueta Tanco;https://cdn.resfu.com/img_data/players/medium/27038.jpg?size=120x&lossy=1
Pedro González López;https://cdn.resfu.com/img_data/players/medium/869514.jpg?size=120x&lossy=1
Manuel Obafemi Akanji;https://cdn.resfu.com/img_data/players/medium/205348.jpg?size=120x&lossy=1
Yann Sommer;https://cdn.resfu.com/img_data/players/medium/110862.jpg?size=120x&lossy=1
Ricardo Iván Rodríguez Araya;https://cdn.resfu.com/img_data/players/medium/129539.jpg?size=120x&lossy=1
Steven Zuber;https://cdn.resfu.com/img_data/players/medium/50810.jpg?size=120x&lossy=1
Remo Freuler;https://cdn.resfu.com/img_data/players/medium/191669.jpg?size=120x&lossy=1
Denis Lemi Zakaria Lako Lado;https://cdn.resfu.com/img_data/players/medium/280412.jpg?size=120x&lossy=1
Breel-Donald Embolo;https://cdn.resfu.com/img_data/players/medium/206931.jpg?size=120x&lossy=1
Xherdan Shaqiri;https://cdn.resfu.com/img_data/players/medium/41769.jpg?size=120x&lossy=1
Haris Seferovi?;https://cdn.resfu.com/img_data/players/medium/50808.jpg?size=120x&lossy=1
Ruben Vargas;https://cdn.resfu.com/img_data/players/medium/331264.jpg?size=120x&lossy=1
Daniel Olmo Carvajal;https://cdn.resfu.com/img_data/players/medium/275868.jpg?size=120x&lossy=1
Gerard Moreno Balaguero;https://cdn.resfu.com/img_data/players/medium/107189.jpg?size=120x&lossy=1
Mario Gavranovi?;https://cdn.resfu.com/img_data/players/medium/70625.jpg?size=120x&lossy=1
Djibril Sow;https://cdn.resfu.com/img_data/players/medium/281581.jpg?size=120x&lossy=1
Christian Fassnacht;https://cdn.resfu.com/img_data/players/medium/289082.jpg?size=120x&lossy=1
Marcos Llorente Moreno;https://cdn.resfu.com/img_data/players/medium/147267.jpg?size=120x&lossy=1
Mikel Oyarzabal Ugarte;https://cdn.resfu.com/img_data/players/medium/281680.jpg?size=120x&lossy=1
Fabian Lukas Schär;https://cdn.resfu.com/img_data/players/medium/138775.jpg?size=120x&lossy=1
Kevin Mbabu;https://cdn.resfu.com/img_data/players/medium/249019.jpg?size=120x&lossy=1
Thiago Alcântara do Nascimento;https://cdn.resfu.com/img_data/players/medium/29470.jpg?size=120x&lossy=1
Rodrigo Hernández Cascante;https://cdn.resfu.com/img_data/players/medium/164286.jpg?size=120x&lossy=1
Aleksey Miranchuk;https://cdn.resfu.com/img_data/players/medium/177516.jpg?size=120x&lossy=1
Igor Diveev;https://cdn.resfu.com/img_data/players/medium/729418.jpg?size=120x&lossy=1
Daler Kuzyaev;https://cdn.resfu.com/img_data/players/medium/209462.jpg?size=120x&lossy=1
Andreas Christensen;https://cdn.resfu.com/img_data/players/medium/206423.jpg?size=120x&lossy=1
Simon Thorup Kjær;https://cdn.resfu.com/img_data/players/medium/27069.jpg?size=120x&lossy=1
Jannik Vestergaard;https://cdn.resfu.com/img_data/players/medium/101922.jpg?size=120x&lossy=1
Daniel Wass;https://cdn.resfu.com/img_data/players/medium/15030.jpg?size=120x&lossy=1
Fedor Kudryashov;https://cdn.resfu.com/img_data/players/medium/22576.jpg?size=120x&lossy=1
Kasper Schmeichel;https://cdn.resfu.com/img_data/players/medium/50.jpg?size=120x&lossy=1
Joakim Mæhle;https://cdn.resfu.com/img_data/players/medium/253466.jpg?size=120x&lossy=1
Pierre-Emile Højbjerg;https://cdn.resfu.com/img_data/players/medium/186395.jpg?size=120x&lossy=1
Yussuf Yurary Poulsen;https://cdn.resfu.com/img_data/players/medium/186173.jpg?size=120x&lossy=1
Magomed Ozdoev;https://cdn.resfu.com/img_data/players/medium/102727.jpg?size=120x&lossy=1
Roman Zobnin;https://cdn.resfu.com/img_data/players/medium/185463.jpg?size=120x&lossy=1
Georgiy Dzhikiya;https://cdn.resfu.com/img_data/players/medium/307533.jpg?size=120x&lossy=1
Aleksandr Golovin;https://cdn.resfu.com/img_data/players/medium/198188.jpg?size=120x&lossy=1
Thomas Delaney;https://cdn.resfu.com/img_data/players/medium/230518.jpg?size=120x&lossy=1
Martin Braithwaite Christensen;https://cdn.resfu.com/img_data/players/medium/66405.jpg?size=120x&lossy=1
Matvey Safonov;https://cdn.resfu.com/img_data/players/medium/319379.jpg?size=120x&lossy=1
Mikkel Damsgaard;https://cdn.resfu.com/img_data/players/medium/460093.jpg?size=120x&lossy=1
Artem Dzyuba;https://cdn.resfu.com/img_data/players/medium/22795.jpg?size=120x&lossy=1
Mário Figueira Fernandes;https://cdn.resfu.com/img_data/players/medium/48600.jpg?size=120x&lossy=1
Kasper Dolberg;https://cdn.resfu.com/img_data/players/medium/290327.jpg?size=120x&lossy=1
Jens Stryger Larsen;https://cdn.resfu.com/img_data/players/medium/148973.jpg?size=120x&lossy=1
Aleksandr Sobolev;https://cdn.resfu.com/img_data/players/medium/206027.jpg?size=120x&lossy=1
Rifat Zhemaletdinov;https://cdn.resfu.com/img_data/players/medium/198197.jpg?size=120x&lossy=1
Maksim Mukhin;https://cdn.resfu.com/img_data/players/medium/826478.jpg?size=120x&lossy=1
Vyacheslav Karavaev;https://cdn.resfu.com/img_data/players/medium/201840.jpg?size=120x&lossy=1
Christian Nørgaard;https://cdn.resfu.com/img_data/players/medium/228467.jpg?size=120x&lossy=1
Andreas Evald Cornelius;https://cdn.resfu.com/img_data/players/medium/212172.jpg?size=120x&lossy=1
Mathias Jensen;https://cdn.resfu.com/img_data/players/medium/230529.jpg?size=120x&lossy=1
Andrea Belotti;https://cdn.resfu.com/img_data/players/medium/192128.jpg?size=120x&lossy=1
Jorge Luiz Frello Filho;https://cdn.resfu.com/img_data/players/medium/143311.jpg?size=120x&lossy=1
Leonardo Bonucci;https://cdn.resfu.com/img_data/players/medium/44556.jpg?size=120x&lossy=1
Alessandro Bastoni;https://cdn.resfu.com/img_data/players/medium/319382.jpg?size=120x&lossy=1
Connor Roberts;https://cdn.resfu.com/img_data/players/medium/209881.jpg?size=120x&lossy=1
Gareth Frank Bale;https://cdn.resfu.com/img_data/players/medium/72.jpg?size=120x&lossy=1
Gianluigi Donnarumma;https://cdn.resfu.com/img_data/players/medium/251377.jpg?size=120x&lossy=1
Danny Ward;https://cdn.resfu.com/img_data/players/medium/47787.jpg?size=120x&lossy=1
Marco Verratti;https://cdn.resfu.com/img_data/players/medium/118904.jpg?size=120x&lossy=1
Emerson Palmieri dos Santos;https://cdn.resfu.com/img_data/players/medium/162504.jpg?size=120x&lossy=1
Federico Chiesa;https://cdn.resfu.com/img_data/players/medium/312553.jpg?size=120x&lossy=1
Rafael Tolói;https://cdn.resfu.com/img_data/players/medium/48522.jpg?size=120x&lossy=1
Ethan Ampadu;https://cdn.resfu.com/img_data/players/medium/319485.jpg?size=120x&lossy=1
Joseff Morrell;https://cdn.resfu.com/img_data/players/medium/312455.jpg?size=120x&lossy=1
Joe Rodon;https://cdn.resfu.com/img_data/players/medium/311722.jpg?size=120x&lossy=1
Neco Williams;https://cdn.resfu.com/img_data/players/medium/428241.jpg?size=120x&lossy=1
Joe Allen;https://cdn.resfu.com/img_data/players/medium/44160.jpg?size=120x&lossy=1
Chris Gunter;https://cdn.resfu.com/img_data/players/medium/141.jpg?size=120x&lossy=1
Matteo Pessina;https://cdn.resfu.com/img_data/players/medium/206289.jpg?size=120x&lossy=1
Federico Bernardeschi;https://cdn.resfu.com/img_data/players/medium/201263.jpg?size=120x&lossy=1
Aaron Ramsey;https://cdn.resfu.com/img_data/players/medium/13124.jpg?size=120x&lossy=1
Daniel James;https://cdn.resfu.com/img_data/players/medium/284983.jpg?size=120x&lossy=1
Francesco Acerbi;https://cdn.resfu.com/img_data/players/medium/83656.jpg?size=120x&lossy=1
Kieffer Roberto Francisco Moore;https://cdn.resfu.com/img_data/players/medium/186805.jpg?size=120x&lossy=1
Bryan Cristante;https://cdn.resfu.com/img_data/players/medium/125293.jpg?size=120x&lossy=1
Giacomo Raspadori;https://cdn.resfu.com/img_data/players/medium/347701.jpg?size=120x&lossy=1
Harry Wilson;https://cdn.resfu.com/img_data/players/medium/235147.jpg?size=120x&lossy=1
Salvatore Sirigu;https://cdn.resfu.com/img_data/players/medium/44832.jpg?size=120x&lossy=1
Gaetano Castrovilli;https://cdn.resfu.com/img_data/players/medium/244825.jpg?size=120x&lossy=1
Ciro Immobile;https://cdn.resfu.com/img_data/players/medium/40403.jpg?size=120x&lossy=1
Eric García Martret;https://cdn.resfu.com/img_data/players/medium/367220.jpg?size=120x&lossy=1
Giorgio Chiellini;https://cdn.resfu.com/img_data/players/medium/822.jpg?size=120x&lossy=1
Giovanni Di Lorenzo;https://cdn.resfu.com/img_data/players/medium/115904.jpg?size=120x&lossy=1
Lorenzo Insigne;https://cdn.resfu.com/img_data/players/medium/118685.jpg?size=120x&lossy=1
Nicolò Barella;https://cdn.resfu.com/img_data/players/medium/217659.jpg?size=120x&lossy=1
Domenico Berardi;https://cdn.resfu.com/img_data/players/medium/156355.jpg?size=120x&lossy=1
Manuel Locatelli;https://cdn.resfu.com/img_data/players/medium/270351.jpg?size=120x&lossy=1
Marek Hamšík;https://cdn.resfu.com/img_data/players/medium/1072.jpg?size=120x&lossy=1
Patrik Hrošovský;https://cdn.resfu.com/img_data/players/medium/184708.jpg?size=120x&lossy=1
?ubomír Šatka;https://cdn.resfu.com/img_data/players/medium/218605.jpg?size=120x&lossy=1
Peter Pekarík;https://cdn.resfu.com/img_data/players/medium/29183.jpg?size=120x&lossy=1
Milan Škriniar;https://cdn.resfu.com/img_data/players/medium/187303.jpg?size=120x&lossy=1
Tomáš Hubo?an;https://cdn.resfu.com/img_data/players/medium/22769.jpg?size=120x&lossy=1
Juraj Kucka;https://cdn.resfu.com/img_data/players/medium/73566.jpg?size=120x&lossy=1
Martin Dúbravka;https://cdn.resfu.com/img_data/players/medium/71037.jpg?size=120x&lossy=1
Martin Koscelník;https://cdn.resfu.com/img_data/players/medium/285370.jpg?size=120x&lossy=1
Robin Olsen;https://cdn.resfu.com/img_data/players/medium/152509.jpg?size=120x&lossy=1
Victor Nilsson Lindelöf;https://cdn.resfu.com/img_data/players/medium/218417.jpg?size=120x&lossy=1
Kristoffer Olsson;https://cdn.resfu.com/img_data/players/medium/138160.jpg?size=120x&lossy=1
Emil Peter Forsberg;https://cdn.resfu.com/img_data/players/medium/149864.jpg?size=120x&lossy=1
Ondrej Duda;https://cdn.resfu.com/img_data/players/medium/222173.jpg?size=120x&lossy=1
Marcus Andreas Danielsson;https://cdn.resfu.com/img_data/players/medium/276403.jpg?size=120x&lossy=1
Albin Ekdal;https://cdn.resfu.com/img_data/players/medium/24236.jpg?size=120x&lossy=1
Alexander Isak;https://cdn.resfu.com/img_data/players/medium/301340.jpg?size=120x&lossy=1
Sebastian Larsson;https://cdn.resfu.com/img_data/players/medium/384.jpg?size=120x&lossy=1
Róbert Mak;https://cdn.resfu.com/img_data/players/medium/71141.jpg?size=120x&lossy=1
Mikael Lustig;https://cdn.resfu.com/img_data/players/medium/14947.jpg?size=120x&lossy=1
Ludwig Augustinsson;https://cdn.resfu.com/img_data/players/medium/183350.jpg?size=120x&lossy=1
Marcus Berg;https://cdn.resfu.com/img_data/players/medium/38034.jpg?size=120x&lossy=1
Lukáš Haraslín;https://cdn.resfu.com/img_data/players/medium/197830.jpg?size=120x&lossy=1
Viktor Claesson;https://cdn.resfu.com/img_data/players/medium/212353.jpg?size=120x&lossy=1
Vladimír Weiss;https://cdn.resfu.com/img_data/players/medium/27881.jpg?size=120x&lossy=1
László Bénes;https://cdn.resfu.com/img_data/players/medium/244887.jpg?size=120x&lossy=1
Robin Quaison;https://cdn.resfu.com/img_data/players/medium/147608.jpg?size=120x&lossy=1
Dávid Hancko;https://cdn.resfu.com/img_data/players/medium/317125.jpg?size=120x&lossy=1
Michal ?uriš;https://cdn.resfu.com/img_data/players/medium/73553.jpg?size=120x&lossy=1
Pierre Bengtsson;https://cdn.resfu.com/img_data/players/medium/230515.jpg?size=120x&lossy=1
Emil Krafth;https://cdn.resfu.com/img_data/players/medium/147529.jpg?size=120x&lossy=1
Serge Gnabry;https://cdn.resfu.com/img_data/players/medium/159815.jpg?size=120x&lossy=1
Toni Kroos;https://cdn.resfu.com/img_data/players/medium/2100.jpg?size=120x&lossy=1
Mats Hummels;https://cdn.resfu.com/img_data/players/medium/1907.jpg?size=120x&lossy=1
Matthias Ginter;https://cdn.resfu.com/img_data/players/medium/129543.jpg?size=120x&lossy=1
?lkay Gündo?an;https://cdn.resfu.com/img_data/players/medium/44874.jpg?size=120x&lossy=1
Antonio Rüdiger;https://cdn.resfu.com/img_data/players/medium/130029.jpg?size=120x&lossy=1
Robin Gosens;https://cdn.resfu.com/img_data/players/medium/207002.jpg?size=120x&lossy=1
Kai Havertz;https://cdn.resfu.com/img_data/players/medium/320354.jpg?size=120x&lossy=1
Rui Pedro dos Santos Patrício;https://cdn.resfu.com/img_data/players/medium/37130.jpg?size=120x&lossy=1
Cristiano Ronaldo dos Santos Aveiro;https://cdn.resfu.com/img_data/players/medium/28185.jpg?size=120x&lossy=1
Diogo José Teixeira da Silva;https://cdn.resfu.com/img_data/players/medium/236018.jpg?size=120x&lossy=1
Bernardo Mota Veiga de Carvalho e Silva;https://cdn.resfu.com/img_data/players/medium/205559.jpg?size=120x&lossy=1
Kléper Laveran Lima Ferreira;https://cdn.resfu.com/img_data/players/medium/27010.jpg?size=120x&lossy=1
Manuel Neuer;https://cdn.resfu.com/img_data/players/medium/1819.jpg?size=120x&lossy=1
Joshua Kimmich;https://cdn.resfu.com/img_data/players/medium/186172.jpg?size=120x&lossy=1
Raphaël Adelino José Guerreiro;https://cdn.resfu.com/img_data/players/medium/149462.jpg?size=120x&lossy=1
Thomas Müller;https://cdn.resfu.com/img_data/players/medium/52981.jpg?size=120x&lossy=1
Rúben Santos Gato Alves Dias;https://cdn.resfu.com/img_data/players/medium/277401.jpg?size=120x&lossy=1
William Silva de Carvalho;https://cdn.resfu.com/img_data/players/medium/108556.jpg?size=120x&lossy=1
Danilo Luís Hélio Pereira;https://cdn.resfu.com/img_data/players/medium/88179.jpg?size=120x&lossy=1
Nélson Cabral Semedo;https://cdn.resfu.com/img_data/players/medium/198493.jpg?size=120x&lossy=1
Bruno Miguel Borges Fernandes;https://cdn.resfu.com/img_data/players/medium/193339.jpg?size=120x&lossy=1
Renato Júnior Luz Sanches;https://cdn.resfu.com/img_data/players/medium/240679.jpg?size=120x&lossy=1
Rafael Alexandre Fernandes Ferreira da Silva;https://cdn.resfu.com/img_data/players/medium/160448.jpg?size=120x&lossy=1
Marcel Halstenberg;https://cdn.resfu.com/img_data/players/medium/128275.jpg?size=120x&lossy=1
João Filipe Iria Santos Moutinho;https://cdn.resfu.com/img_data/players/medium/37920.jpg?size=120x&lossy=1
Emre Can;https://cdn.resfu.com/img_data/players/medium/141779.jpg?size=120x&lossy=1
Leon Goretzka;https://cdn.resfu.com/img_data/players/medium/140287.jpg?size=120x&lossy=1
Niklas Süle;https://cdn.resfu.com/img_data/players/medium/178673.jpg?size=120x&lossy=1
André Miguel Valente Silva;https://cdn.resfu.com/img_data/players/medium/148126.jpg?size=120x&lossy=1
Leroy Sané;https://cdn.resfu.com/img_data/players/medium/206443.jpg?size=120x&lossy=1
Karim Benzema;https://cdn.resfu.com/img_data/players/medium/3318.jpg?size=120x&lossy=1
Paul Pogba;https://cdn.resfu.com/img_data/players/medium/130126.jpg?size=120x&lossy=1
Lucas Hernández Pi;https://cdn.resfu.com/img_data/players/medium/164533.jpg?size=120x&lossy=1
Presnel Kimpembe;https://cdn.resfu.com/img_data/players/medium/206495.jpg?size=120x&lossy=1
Kylian Mbappé Lottin;https://cdn.resfu.com/img_data/players/medium/234474.jpg?size=120x&lossy=1
Raphaël Varane;https://cdn.resfu.com/img_data/players/medium/103053.jpg?size=120x&lossy=1
Corentin Tolisso;https://cdn.resfu.com/img_data/players/medium/186760.jpg?size=120x&lossy=1
Jules Koundé;https://cdn.resfu.com/img_data/players/medium/309864.jpg?size=120x&lossy=1
N''Golo Kanté;https://cdn.resfu.com/img_data/players/medium/149353.jpg?size=120x&lossy=1
Hugo Lloris;https://cdn.resfu.com/img_data/players/medium/2938.jpg?size=120x&lossy=1
Antoine Griezmann;https://cdn.resfu.com/img_data/players/medium/32465.jpg?size=120x&lossy=1
Lucas Digne;https://cdn.resfu.com/img_data/players/medium/94731.jpg?size=120x&lossy=1
Adrien Rabiot;https://cdn.resfu.com/img_data/players/medium/144802.jpg?size=120x&lossy=1
João Maria Lobo Alves Palhinha Gonçalves;https://cdn.resfu.com/img_data/players/medium/229432.jpg?size=120x&lossy=1
Kingsley Coman;https://cdn.resfu.com/img_data/players/medium/186338.jpg?size=120x&lossy=1
Rúben Diogo Da Silva Neves;https://cdn.resfu.com/img_data/players/medium/232170.jpg?size=120x&lossy=1
José Diogo Dalot Teixeira;https://cdn.resfu.com/img_data/players/medium/354275.jpg?size=120x&lossy=1
Sérgio Miguel Relvas de Oliveira;https://cdn.resfu.com/img_data/players/medium/186705.jpg?size=120x&lossy=1
Moussa Sissoko;https://cdn.resfu.com/img_data/players/medium/3292.jpg?size=120x&lossy=1
Chris Mepham;https://cdn.resfu.com/img_data/players/medium/357750.jpg?size=120x&lossy=1
Mehmet Zeki Çelik;https://cdn.resfu.com/img_data/players/medium/395934.jpg?size=120x&lossy=1
Kaan Ayhan;https://cdn.resfu.com/img_data/players/medium/183334.jpg?size=120x&lossy=1
Hakan Çalhano?lu;https://cdn.resfu.com/img_data/players/medium/130285.jpg?size=120x&lossy=1
Okay Yoku?lu;https://cdn.resfu.com/img_data/players/medium/123546.jpg?size=120x&lossy=1
Cengiz Ünder;https://cdn.resfu.com/img_data/players/medium/246060.jpg?size=120x&lossy=1
Burak Y?lmaz;https://cdn.resfu.com/img_data/players/medium/94844.jpg?size=120x&lossy=1
Ben Davies;https://cdn.resfu.com/img_data/players/medium/144349.jpg?size=120x&lossy=1
Cengiz Umut Mera?;https://cdn.resfu.com/img_data/players/medium/238867.jpg?size=120x&lossy=1
U?urcan Çak?r;https://cdn.resfu.com/img_data/players/medium/246142.jpg?size=120x&lossy=1
Caglar Söyüncü;https://cdn.resfu.com/img_data/players/medium/243961.jpg?size=120x&lossy=1
Ozan Tufan;https://cdn.resfu.com/img_data/players/medium/144190.jpg?size=120x&lossy=1
Kenan Karaman;https://cdn.resfu.com/img_data/players/medium/187826.jpg?size=120x&lossy=1
Merih Demiral;https://cdn.resfu.com/img_data/players/medium/320446.jpg?size=120x&lossy=1
Yusuf Yaz?c?;https://cdn.resfu.com/img_data/players/medium/310847.jpg?size=120x&lossy=1
Mert Müldür;https://cdn.resfu.com/img_data/players/medium/320393.jpg?size=120x&lossy=1
?brahim Halil Dervi?o?lu;https://cdn.resfu.com/img_data/players/medium/444914.jpg?size=120x&lossy=1
?rfan Can Kahveci;https://cdn.resfu.com/img_data/players/medium/234523.jpg?size=120x&lossy=1
Granit Xhaka;https://cdn.resfu.com/img_data/players/medium/67187.jpg?size=120x&lossy=1
Leonardo Spinazzola;https://cdn.resfu.com/img_data/players/medium/143275.jpg?size=120x&lossy=1
Piotr Zieli?ski;https://cdn.resfu.com/img_data/players/medium/142317.jpg?size=120x&lossy=1
Jakub Moder;https://cdn.resfu.com/img_data/players/medium/320908.jpg?size=120x&lossy=1
Kamil Jó?wiak;https://cdn.resfu.com/img_data/players/medium/317359.jpg?size=120x&lossy=1
Kamil Glik;https://cdn.resfu.com/img_data/players/medium/53459.jpg?size=120x&lossy=1
Jan Bednarek;https://cdn.resfu.com/img_data/players/medium/221493.jpg?size=120x&lossy=1
Tymoteusz Puchacz;https://cdn.resfu.com/img_data/players/medium/320902.jpg?size=120x&lossy=1
Wojciech Szcz?sny;https://cdn.resfu.com/img_data/players/medium/35491.jpg?size=120x&lossy=1
Robert Lewandowski;https://cdn.resfu.com/img_data/players/medium/53536.jpg?size=120x&lossy=1
Bartosz Bereszy?ski;https://cdn.resfu.com/img_data/players/medium/142174.jpg?size=120x&lossy=1
Karol ?widerski;https://cdn.resfu.com/img_data/players/medium/230710.jpg?size=120x&lossy=1
Mateusz Andrzej Klich;https://cdn.resfu.com/img_data/players/medium/107197.jpg?size=120x&lossy=1
Fabián Ruiz Peña;https://cdn.resfu.com/img_data/players/medium/235644.jpg?size=120x&lossy=1
Przemys?aw Frankowski;https://cdn.resfu.com/img_data/players/medium/184058.jpg?size=120x&lossy=1
Pawe? Dawidowicz;https://cdn.resfu.com/img_data/players/medium/221695.jpg?size=120x&lossy=1
Kacper Koz?owski;https://cdn.resfu.com/img_data/players/medium/770068.jpg?size=120x&lossy=1
Karol Linetty;https://cdn.resfu.com/img_data/players/medium/184049.jpg?size=120x&lossy=1
Patrik Schick;https://cdn.resfu.com/img_data/players/medium/216945.jpg?size=120x&lossy=1
Ondrej Celustka;https://cdn.resfu.com/img_data/players/medium/72191.jpg?size=120x&lossy=1
Vladimír Coufal;https://cdn.resfu.com/img_data/players/medium/184668.jpg?size=120x&lossy=1
Tomáš Vaclík;https://cdn.resfu.com/img_data/players/medium/105110.jpg?size=120x&lossy=1
Tomáš Kalas;https://cdn.resfu.com/img_data/players/medium/72397.jpg?size=120x&lossy=1
Tomáš Sou?ek;https://cdn.resfu.com/img_data/players/medium/209469.jpg?size=120x&lossy=1
Jan Bo?il;https://cdn.resfu.com/img_data/players/medium/184479.jpg?size=120x&lossy=1
Vladimír Darida;https://cdn.resfu.com/img_data/players/medium/71529.jpg?size=120x&lossy=1
Jakub Jankto;https://cdn.resfu.com/img_data/players/medium/243878.jpg?size=120x&lossy=1
Dejan Lovren;https://cdn.resfu.com/img_data/players/medium/26966.jpg?size=120x&lossy=1
Tomáš Holeš;https://cdn.resfu.com/img_data/players/medium/172996.jpg?size=120x&lossy=1
Lukáš Masopust;https://cdn.resfu.com/img_data/players/medium/172967.jpg?size=120x&lossy=1
Dominik Livakovi?;https://cdn.resfu.com/img_data/players/medium/182503.jpg?size=120x&lossy=1
Šime Vrsaljko;https://cdn.resfu.com/img_data/players/medium/92385.jpg?size=120x&lossy=1
Luka Modri?;https://cdn.resfu.com/img_data/players/medium/26968.jpg?size=120x&lossy=1
Josip Brekalo;https://cdn.resfu.com/img_data/players/medium/290006.jpg?size=120x&lossy=1
Ivan Periši?;https://cdn.resfu.com/img_data/players/medium/21182.jpg?size=120x&lossy=1
Mateo Kova?i?;https://cdn.resfu.com/img_data/players/medium/119636.jpg?size=120x&lossy=1
Joško Gvardiol;https://cdn.resfu.com/img_data/players/medium/815976.jpg?size=120x&lossy=1
Domagoj Vida;https://cdn.resfu.com/img_data/players/medium/26897.jpg?size=120x&lossy=1
Ante Rebi?;https://cdn.resfu.com/img_data/players/medium/123919.jpg?size=120x&lossy=1
Andrej Kramari?;https://cdn.resfu.com/img_data/players/medium/7772.jpg?size=120x&lossy=1
Bruno Petkovi?;https://cdn.resfu.com/img_data/players/medium/179462.jpg?size=120x&lossy=1
Luka Ivanušec;https://cdn.resfu.com/img_data/players/medium/296000.jpg?size=120x&lossy=1
Alex Král;https://cdn.resfu.com/img_data/players/medium/309780.jpg?size=120x&lossy=1
Adam Hložek;https://cdn.resfu.com/img_data/players/medium/502294.jpg?size=120x&lossy=1
Nikola Vlaši?;https://cdn.resfu.com/img_data/players/medium/228677.jpg?size=120x&lossy=1
Petr Šev?ík;https://cdn.resfu.com/img_data/players/medium/289913.jpg?size=120x&lossy=1
Michael Krmen?ík;https://cdn.resfu.com/img_data/players/medium/232553.jpg?size=120x&lossy=1
Marcelo Brozovi?;https://cdn.resfu.com/img_data/players/medium/86621.jpg?size=120x&lossy=1
Antonín Barák;https://cdn.resfu.com/img_data/players/medium/293584.jpg?size=120x&lossy=1
Christoph Baumgartner;https://cdn.resfu.com/img_data/players/medium/706832.jpg?size=120x&lossy=1
Sasa Kalajdzic;https://cdn.resfu.com/img_data/players/medium/346363.jpg?size=120x&lossy=1
David Olatukunbo Alaba;https://cdn.resfu.com/img_data/players/medium/58931.jpg?size=120x&lossy=1
Aleksandar Dragovi?;https://cdn.resfu.com/img_data/players/medium/110865.jpg?size=120x&lossy=1
Martin Hinteregger;https://cdn.resfu.com/img_data/players/medium/67242.jpg?size=120x&lossy=1
Stefan Lainer;https://cdn.resfu.com/img_data/players/medium/214714.jpg?size=120x&lossy=1
Konrad Laimer;https://cdn.resfu.com/img_data/players/medium/229453.jpg?size=120x&lossy=1
Stole Dimitrievski;https://cdn.resfu.com/img_data/players/medium/160042.jpg?size=120x&lossy=1
Visar Musliu;https://cdn.resfu.com/img_data/players/medium/217184.jpg?size=120x&lossy=1
Ezgjan Alioski;https://cdn.resfu.com/img_data/players/medium/205292.jpg?size=120x&lossy=1
Arijan Ademi;https://cdn.resfu.com/img_data/players/medium/26710.jpg?size=120x&lossy=1
Aleksandar Trajkovski;https://cdn.resfu.com/img_data/players/medium/112722.jpg?size=120x&lossy=1
Darko Velkovski;https://cdn.resfu.com/img_data/players/medium/280094.jpg?size=120x&lossy=1
Stefan Ristovski;https://cdn.resfu.com/img_data/players/medium/141457.jpg?size=120x&lossy=1
Enis Bardhi;https://cdn.resfu.com/img_data/players/medium/285284.jpg?size=120x&lossy=1
Xaver Schlager;https://cdn.resfu.com/img_data/players/medium/279617.jpg?size=120x&lossy=1
Marcel Sabitzer;https://cdn.resfu.com/img_data/players/medium/149122.jpg?size=120x&lossy=1
Goran Pandev;https://cdn.resfu.com/img_data/players/medium/1269.jpg?size=120x&lossy=1
Eljif Elmas;https://cdn.resfu.com/img_data/players/medium/288258.jpg?size=120x&lossy=1
Boban Nikolov;https://cdn.resfu.com/img_data/players/medium/168467.jpg?size=120x&lossy=1
Andreas Ulmer;https://cdn.resfu.com/img_data/players/medium/15169.jpg?size=120x&lossy=1
Daniel Bachmann;https://cdn.resfu.com/img_data/players/medium/280988.jpg?size=120x&lossy=1
Philipp Lienhart;https://cdn.resfu.com/img_data/players/medium/229449.jpg?size=120x&lossy=1
Michael Gregoritsch;https://cdn.resfu.com/img_data/players/medium/66696.jpg?size=120x&lossy=1
Marko Arnautovi?;https://cdn.resfu.com/img_data/players/medium/1659.jpg?size=120x&lossy=1
Tihomir Kostadinov;https://cdn.resfu.com/img_data/players/medium/293861.jpg?size=120x&lossy=1
Egzon Bejtulai;https://cdn.resfu.com/img_data/players/medium/168440.jpg?size=120x&lossy=1
Julian Baumgartlinger;https://cdn.resfu.com/img_data/players/medium/25025.jpg?size=120x&lossy=1
Stefan Ilsanker;https://cdn.resfu.com/img_data/players/medium/66719.jpg?size=120x&lossy=1
Alessandro Florenzi;https://cdn.resfu.com/img_data/players/medium/115740.jpg?size=120x&lossy=1
Jakub Brabec;https://cdn.resfu.com/img_data/players/medium/140302.jpg?size=120x&lossy=1
Mat?j Vydra;https://cdn.resfu.com/img_data/players/medium/53935.jpg?size=120x&lossy=1
Joachim Andersen;https://cdn.resfu.com/img_data/players/medium/232138.jpg?size=120x&lossy=1
Roman Yaremchuk;https://cdn.resfu.com/img_data/players/medium/229497.jpg?size=120x&lossy=1
Serhii Sydorchuk;https://cdn.resfu.com/img_data/players/medium/101098.jpg?size=120x&lossy=1
Oleksandr Karavaev;https://cdn.resfu.com/img_data/players/medium/217738.jpg?size=120x&lossy=1
Illia Zabarnyi;https://cdn.resfu.com/img_data/players/medium/798584.jpg?size=120x&lossy=1
Declan Rice;https://cdn.resfu.com/img_data/players/medium/321130.jpg?size=120x&lossy=1
Mykola Shaparenko;https://cdn.resfu.com/img_data/players/medium/277302.jpg?size=120x&lossy=1
Luke Shaw;https://cdn.resfu.com/img_data/players/medium/143590.jpg?size=120x&lossy=1
Kyle Walker;https://cdn.resfu.com/img_data/players/medium/57700.jpg?size=120x&lossy=1
Jadon Sancho;https://cdn.resfu.com/img_data/players/medium/341319.jpg?size=120x&lossy=1
John Stones;https://cdn.resfu.com/img_data/players/medium/182519.jpg?size=120x&lossy=1
Harry Maguire;https://cdn.resfu.com/img_data/players/medium/158855.jpg?size=120x&lossy=1
Raheem Sterling;https://cdn.resfu.com/img_data/players/medium/106034.jpg?size=120x&lossy=1
Kalvin Phillips;https://cdn.resfu.com/img_data/players/medium/266885.jpg?size=120x&lossy=1
Mason Mount;https://cdn.resfu.com/img_data/players/medium/307334.jpg?size=120x&lossy=1
Harry Kane;https://cdn.resfu.com/img_data/players/medium/120815.jpg?size=120x&lossy=1
Oleksandr Zinchenko;https://cdn.resfu.com/img_data/players/medium/201788.jpg?size=120x&lossy=1
Vitalii Mykolenko;https://cdn.resfu.com/img_data/players/medium/320248.jpg?size=120x&lossy=1
Mykola Matviyenko;https://cdn.resfu.com/img_data/players/medium/194488.jpg?size=120x&lossy=1
Serhiy Kryvtsov;https://cdn.resfu.com/img_data/players/medium/100455.jpg?size=120x&lossy=1
Andriy Yarmolenko;https://cdn.resfu.com/img_data/players/medium/100620.jpg?size=120x&lossy=1
Heorhii Bushchan;https://cdn.resfu.com/img_data/players/medium/776757.jpg?size=120x&lossy=1
Jordan Pickford;https://cdn.resfu.com/img_data/players/medium/206144.jpg?size=120x&lossy=1
Viktor Tsygankov;https://cdn.resfu.com/img_data/players/medium/247412.jpg?size=120x&lossy=1
Jordan Brian Henderson;https://cdn.resfu.com/img_data/players/medium/35943.jpg?size=120x&lossy=1
Evgeny Makarenko;https://cdn.resfu.com/img_data/players/medium/953962.jpg?size=120x&lossy=1
Kieran Trippier;https://cdn.resfu.com/img_data/players/medium/65830.jpg?size=120x&lossy=1
Jude Bellingham;https://cdn.resfu.com/img_data/players/medium/839567.jpg?size=120x&lossy=1
Marcus Rashford;https://cdn.resfu.com/img_data/players/medium/284437.jpg?size=120x&lossy=1
Dominic Calvert-Lewin;https://cdn.resfu.com/img_data/players/medium/251613.jpg?size=120x&lossy=1
Matthijs de Ligt;https://cdn.resfu.com/img_data/players/medium/309633.jpg?size=120x&lossy=1
Frenkie de Jong;https://cdn.resfu.com/img_data/players/medium/279661.jpg?size=120x&lossy=1
Stefan de Vrij;https://cdn.resfu.com/img_data/players/medium/69862.jpg?size=120x&lossy=1
Daley Blind;https://cdn.resfu.com/img_data/players/medium/29684.jpg?size=120x&lossy=1
Denzel Dumfries;https://cdn.resfu.com/img_data/players/medium/249429.jpg?size=120x&lossy=1
Ryan Gravenberch;https://cdn.resfu.com/img_data/players/medium/429360.jpg?size=120x&lossy=1
Donyell Malen;https://cdn.resfu.com/img_data/players/medium/286302.jpg?size=120x&lossy=1
Memphis Depay;https://cdn.resfu.com/img_data/players/medium/131302.jpg?size=120x&lossy=1
Ivan Trichkovski;https://macedonianfootball.com/wp-content/uploads/2010/01/12-IVAN-TRICHKOVSKI-profile-209x300.png
Patrick van Aanholt;https://cdn.resfu.com/img_data/players/medium/57559.jpg?size=120x&lossy=1
Georginio Wijnaldum;https://cdn.resfu.com/img_data/players/medium/1652.jpg?size=120x&lossy=1
Maarten Stekelenburg;https://cdn.resfu.com/img_data/players/medium/1339.jpg?size=120x&lossy=1
Steven Berghuis;https://cdn.resfu.com/img_data/players/medium/69598.jpg?size=120x&lossy=1
Jurriën David Norman Timber;https://cdn.resfu.com/img_data/players/medium/429355.jpg?size=120x&lossy=1
Darko Churlinov;https://cdn.resfu.com/img_data/players/medium/347548.jpg?size=120x&lossy=1
Quincy Anton Promes;https://cdn.resfu.com/img_data/players/medium/134284.jpg?size=120x&lossy=1
Wout Weghorst;https://cdn.resfu.com/img_data/players/medium/139516.jpg?size=120x&lossy=1
Ferhan Hasani;https://cdn.resfu.com/img_data/players/medium/138761.jpg?size=120x&lossy=1
Cody Mathès Gakpo;https://cdn.resfu.com/img_data/players/medium/346648.jpg?size=120x&lossy=1
Vlatko Stojanovski;https://cdn.resfu.com/img_data/players/medium/288261.jpg?size=120x&lossy=1
Bukayo Saka;https://cdn.resfu.com/img_data/players/medium/677979.jpg?size=120x&lossy=1
Jack Grealish;https://cdn.resfu.com/img_data/players/medium/191710.jpg?size=120x&lossy=1
Timo Werner;https://cdn.resfu.com/img_data/players/medium/187379.jpg?size=120x&lossy=1
Taras Stepanenko;https://cdn.resfu.com/img_data/players/medium/100585.jpg?size=120x&lossy=1
Dejan Kulusevski;https://cdn.resfu.com/img_data/players/medium/661887.jpg?size=120x&lossy=1
Ruslan Malinovskiy;https://cdn.resfu.com/img_data/players/medium/191693.jpg?size=120x&lossy=1
Artem Besedin;https://cdn.resfu.com/img_data/players/medium/275705.jpg?size=120x&lossy=1
Artem Dovbyk;https://cdn.resfu.com/img_data/players/medium/296111.jpg?size=120x&lossy=1
Filip Helander;https://cdn.resfu.com/img_data/players/medium/152516.jpg?size=120x&lossy=1
Roman Bezus;https://cdn.resfu.com/img_data/players/medium/101246.jpg?size=120x&lossy=1
José Luis Gayà Peña;https://cdn.resfu.com/img_data/players/medium/146766.jpg?size=120x&lossy=1
Josip Juranovi?;https://cdn.resfu.com/img_data/players/medium/276869.jpg?size=120x&lossy=1
Duje ?aleta-Car;https://cdn.resfu.com/img_data/players/medium/197936.jpg?size=120x&lossy=1
Mislav Orši?;https://cdn.resfu.com/img_data/players/medium/191613.jpg?size=120x&lossy=1
Ante Budimir;https://cdn.resfu.com/img_data/players/medium/86790.jpg?size=120x&lossy=1
Mario Pašali?;https://cdn.resfu.com/img_data/players/medium/182842.jpg?size=120x&lossy=1
Romelu Lukaku Menama;https://cdn.resfu.com/img_data/players/medium/37669.jpg?size=120x&lossy=1
Axel Witsel;https://cdn.resfu.com/img_data/players/medium/29774.jpg?size=120x&lossy=1
Jan Vertonghen;https://cdn.resfu.com/img_data/players/medium/29663.jpg?size=120x&lossy=1
Thomas Vermaelen;https://cdn.resfu.com/img_data/players/medium/1497.jpg?size=120x&lossy=1
Youri Tielemans;https://cdn.resfu.com/img_data/players/medium/189753.jpg?size=120x&lossy=1
Toby Alderweireld;https://cdn.resfu.com/img_data/players/medium/29671.jpg?size=120x&lossy=1
Thorgan Hazard;https://cdn.resfu.com/img_data/players/medium/111301.jpg?size=120x&lossy=1
Eden Hazard;https://cdn.resfu.com/img_data/players/medium/21292.jpg?size=120x&lossy=1
Kevin De Bruyne;https://cdn.resfu.com/img_data/players/medium/69174.jpg?size=120x&lossy=1
Thibaut Courtois;https://cdn.resfu.com/img_data/players/medium/69148.jpg?size=120x&lossy=1
Thomas Meunier;https://cdn.resfu.com/img_data/players/medium/147742.jpg?size=120x&lossy=1
Dries Mertens;https://cdn.resfu.com/img_data/players/medium/29889.jpg?size=120x&lossy=1
João Félix Sequeira;https://cdn.resfu.com/img_data/players/medium/341347.jpg?size=120x&lossy=1
Yannick Ferreira Carrasco;https://cdn.resfu.com/img_data/players/medium/139695.jpg?size=120x&lossy=1
Florian Grillitsch;https://cdn.resfu.com/img_data/players/medium/199830.jpg?size=120x&lossy=1
Alessandro Schöpf;https://cdn.resfu.com/img_data/players/medium/191266.jpg?size=120x&lossy=1
Louis Schaub;https://cdn.resfu.com/img_data/players/medium/160024.jpg?size=120x&lossy=1
Christopher Trimmel;https://cdn.resfu.com/img_data/players/medium/42148.jpg?size=120x&lossy=1
Endre Botka;https://cdn.resfu.com/img_data/players/medium/218708.jpg?size=120x&lossy=1
Péter Gulácsi;https://cdn.resfu.com/img_data/players/medium/86306.jpg?size=120x&lossy=1
Attila Szalai;https://cdn.resfu.com/img_data/players/medium/326466.jpg?size=120x&lossy=1
Ádám Nagy;https://cdn.resfu.com/img_data/players/medium/240970.jpg?size=120x&lossy=1
Willi Orban;https://cdn.resfu.com/img_data/players/medium/107151.jpg?size=120x&lossy=1
Loïc Négo;https://cdn.resfu.com/img_data/players/medium/52708.jpg?size=120x&lossy=1
László Kleinheisler;https://cdn.resfu.com/img_data/players/medium/189756.jpg?size=120x&lossy=1
Roland Sallai;https://cdn.resfu.com/img_data/players/medium/240733.jpg?size=120x&lossy=1
Ádám Szalai;https://cdn.resfu.com/img_data/players/medium/33536.jpg?size=120x&lossy=1
András Schäfer;https://cdn.resfu.com/img_data/players/medium/370622.jpg?size=120x&lossy=1
Attila Fiola;https://cdn.resfu.com/img_data/players/medium/170485.jpg?size=120x&lossy=1
Szabolcs Schön;https://cdn.resfu.com/img_data/players/medium/343362.jpg?size=120x&lossy=1
Kevin Volland;https://cdn.resfu.com/img_data/players/medium/94066.jpg?size=120x&lossy=1
Jamal Musiala;https://cdn.resfu.com/img_data/players/medium/681154.jpg?size=120x&lossy=1
Kevin Varga;https://cdn.resfu.com/img_data/players/medium/333382.jpg?size=120x&lossy=1
Gerg? Lovrencsics;https://cdn.resfu.com/img_data/players/medium/142177.jpg?size=120x&lossy=1
Nemanja Nikoli?;https://cdn.resfu.com/img_data/players/medium/149478.jpg?size=120x&lossy=1
Stuart Armstrong;https://cdn.resfu.com/img_data/players/medium/88228.jpg?size=120x&lossy=1
Kieran Tierney;https://cdn.resfu.com/img_data/players/medium/201836.jpg?size=120x&lossy=1
Stephen O''Donnell;https://cdn.resfu.com/img_data/players/medium/240540.jpg?size=120x&lossy=1
Andrew Robertson;https://cdn.resfu.com/img_data/players/medium/160714.jpg?size=120x&lossy=1
Grant Campbell Hanley;https://cdn.resfu.com/img_data/players/medium/65703.jpg?size=120x&lossy=1
David Marshall;https://cdn.resfu.com/img_data/players/medium/57209.jpg?size=120x&lossy=1
Callum McGregor;https://cdn.resfu.com/img_data/players/medium/228346.jpg?size=120x&lossy=1
John McGinn;https://cdn.resfu.com/img_data/players/medium/142352.jpg?size=120x&lossy=1
Scott McTominay;https://cdn.resfu.com/img_data/players/medium/289788.jpg?size=120x&lossy=1
Che Adams;https://cdn.resfu.com/img_data/players/medium/243396.jpg?size=120x&lossy=1
Lyndon Dykes;https://cdn.resfu.com/img_data/players/medium/332487.jpg?size=120x&lossy=1
Scott McKenna;https://cdn.resfu.com/img_data/players/medium/242058.jpg?size=120x&lossy=1
Borna Bariši?;https://cdn.resfu.com/img_data/players/medium/205647.jpg?size=120x&lossy=1
Ryan Fraser;https://cdn.resfu.com/img_data/players/medium/123677.jpg?size=120x&lossy=1
Kevin Nisbet;https://cdn.resfu.com/img_data/players/medium/282318.jpg?size=120x&lossy=1
Nathan Patterson;https://cdn.resfu.com/img_data/players/medium/471038.jpg?size=120x&lossy=1
Tomáš Pekhart;https://cdn.resfu.com/img_data/players/medium/67687.jpg?size=120x&lossy=1
Tyrone Mings;https://cdn.resfu.com/img_data/players/medium/209901.jpg?size=120x&lossy=1
Jason Denayer;https://cdn.resfu.com/img_data/players/medium/206979.jpg?size=120x&lossy=1
Anga Dedryck Boyata;https://cdn.resfu.com/img_data/players/medium/42926.jpg?size=120x&lossy=1
Leandro Trossard;https://cdn.resfu.com/img_data/players/medium/235849.jpg?size=120x&lossy=1
Jeremy Doku;https://cdn.resfu.com/img_data/players/medium/426887.jpg?size=120x&lossy=1
Glen Kamara;https://cdn.resfu.com/img_data/players/medium/206441.jpg?size=120x&lossy=1
Tim Sparv;https://cdn.resfu.com/img_data/players/medium/69443.jpg?size=120x&lossy=1
Teemu Pukki;https://cdn.resfu.com/img_data/players/medium/27618.jpg?size=120x&lossy=1
Joel Pohjanpalo;https://cdn.resfu.com/img_data/players/medium/182313.jpg?size=120x&lossy=1
Nacer Chadli;https://cdn.resfu.com/img_data/players/medium/69599.jpg?size=120x&lossy=1
Robin Lod;https://cdn.resfu.com/img_data/players/medium/182314.jpg?size=120x&lossy=1
Jere Juhani Uronen;https://cdn.resfu.com/img_data/players/medium/147531.jpg?size=120x&lossy=1
Joona Toivio;https://cdn.resfu.com/img_data/players/medium/223095.jpg?size=120x&lossy=1
Paulus Arajuuri;https://cdn.resfu.com/img_data/players/medium/210241.jpg?size=120x&lossy=1
Jukka Raitala;https://cdn.resfu.com/img_data/players/medium/15769.jpg?size=120x&lossy=1
Daniel O''Shaughnessy;https://cdn.resfu.com/img_data/players/medium/317808.jpg?size=120x&lossy=1
Lukáš Hrádecký;https://cdn.resfu.com/img_data/players/medium/231081.jpg?size=120x&lossy=1
Rasmus Schüller;https://cdn.resfu.com/img_data/players/medium/217967.jpg?size=120x&lossy=1
Nikolai Alho;https://cdn.resfu.com/img_data/players/medium/217960.jpg?size=120x&lossy=1
Joni Ensio Kauko;https://cdn.resfu.com/img_data/players/medium/132592.jpg?size=120x&lossy=1
Michy Batshuayi Tunga;https://cdn.resfu.com/img_data/players/medium/111856.jpg?size=120x&lossy=1
Christian Benteke Liolo;https://cdn.resfu.com/img_data/players/medium/29771.jpg?size=120x&lossy=1
Hans Vanaken;https://cdn.resfu.com/img_data/players/medium/146667.jpg?size=120x&lossy=1
Fredrik Jensen;https://cdn.resfu.com/img_data/players/medium/333461.jpg?size=120x&lossy=1
Marcus Forss;https://cdn.resfu.com/img_data/players/medium/426863.jpg?size=120x&lossy=1
Marlos Romero Bonfim;https://cdn.resfu.com/img_data/players/medium/17530.jpg?size=120x&lossy=1
Dmitriy Barinov;https://cdn.resfu.com/img_data/players/medium/198191.jpg?size=120x&lossy=1
Pyry Henri Hidipo Soiri;https://cdn.resfu.com/img_data/players/medium/182379.jpg?size=120x&lossy=1
Lassi Lappalainen;https://cdn.resfu.com/img_data/players/medium/290881.jpg?size=120x&lossy=1
Orkun Kökçü;https://cdn.resfu.com/img_data/players/medium/427330.jpg?size=120x&lossy=1
Loris Benito;https://cdn.resfu.com/img_data/players/medium/191663.jpg?size=120x&lossy=1
Dorukhan Toköz;https://cdn.resfu.com/img_data/players/medium/276842.jpg?size=120x&lossy=1
Admir Mehmedi;https://cdn.resfu.com/img_data/players/medium/40401.jpg?size=120x&lossy=1
Benjamin Pavard;https://cdn.resfu.com/img_data/players/medium/247439.jpg?size=120x&lossy=1
Ousmane Dembélé;https://cdn.resfu.com/img_data/players/medium/241919.jpg?size=120x&lossy=1
Tamás Cseri;https://cdn.resfu.com/img_data/players/medium/330842.jpg?size=120x&lossy=1
Olivier Giroud;https://cdn.resfu.com/img_data/players/medium/24691.jpg?size=120x&lossy=1
Thomas Lemar;https://cdn.resfu.com/img_data/players/medium/200193.jpg?size=120x&lossy=1
Reece James;https://cdn.resfu.com/img_data/players/medium/350426.jpg?size=120x&lossy=1
Philip Foden;https://cdn.resfu.com/img_data/players/medium/346608.jpg?size=120x&lossy=1
Billy Gilmour;https://cdn.resfu.com/img_data/players/medium/348916.jpg?size=120x&lossy=1
Stefan Spirovski;https://cdn.resfu.com/img_data/players/medium/168227.jpg?size=120x&lossy=1
Kire Ristevski;https://cdn.resfu.com/img_data/players/medium/173151.jpg?size=120x&lossy=1
Daniel Avramovski;https://cdn.resfu.com/img_data/players/medium/168356.jpg?size=120x&lossy=1
Leander Dendoncker;https://cdn.resfu.com/img_data/players/medium/189754.jpg?size=120x&lossy=1
Andreas Skov Olsen;https://cdn.resfu.com/img_data/players/medium/389891.jpg?size=120x&lossy=1
Dennis Praet;https://cdn.resfu.com/img_data/players/medium/147332.jpg?size=120x&lossy=1
Jonas Older Wind;https://cdn.resfu.com/img_data/players/medium/320711.jpg?size=120x&lossy=1
Tyler Roberts;https://cdn.resfu.com/img_data/players/medium/276933.jpg?size=120x&lossy=1
David Brooks;https://cdn.resfu.com/img_data/players/medium/294000.jpg?size=120x&lossy=1
Nicolai Møller Boilesen;https://cdn.resfu.com/img_data/players/medium/68451.jpg?size=120x&lossy=1
Marten de Roon;https://cdn.resfu.com/img_data/players/medium/85177.jpg?size=120x&lossy=1
Oleksandr Zubkov;https://cdn.resfu.com/img_data/players/medium/194500.jpg?size=120x&lossy=1
Owen Wijndal;https://cdn.resfu.com/img_data/players/medium/320179.jpg?size=120x&lossy=1
Nathan Aké;https://cdn.resfu.com/img_data/players/medium/160034.jpg?size=120x&lossy=1
Joël Veltman;https://cdn.resfu.com/img_data/players/medium/139080.jpg?size=120x&lossy=1
Luuk de Jong;https://cdn.resfu.com/img_data/players/medium/29871.jpg?size=120x&lossy=1
Clément Lenglet;https://cdn.resfu.com/img_data/players/medium/200996.jpg?size=120x&lossy=1
Marcus Thuram;https://cdn.resfu.com/img_data/players/medium/240003.jpg?size=120x&lossy=1
Pavel Kade?ábek;https://cdn.resfu.com/img_data/players/medium/75903.jpg?size=120x&lossy=1
Michal Sadílek;https://cdn.resfu.com/img_data/players/medium/309781.jpg?size=120x&lossy=1
Valentino Lazaro;https://cdn.resfu.com/img_data/players/medium/159259.jpg?size=120x&lossy=1
Karim Onisiwo;https://cdn.resfu.com/img_data/players/medium/279803.jpg?size=120x&lossy=1
Grzegorz Krychowiak;https://cdn.resfu.com/img_data/players/medium/98116.jpg?size=120x&lossy=1
Maciej Rybus;https://cdn.resfu.com/img_data/players/medium/99239.jpg?size=120x&lossy=1
Jakub Hromada;https://cdn.resfu.com/img_data/players/medium/194450.jpg?size=120x&lossy=1
Ján Greguš;https://cdn.resfu.com/img_data/players/medium/75611.jpg?size=120x&lossy=1
Ryan Christie;https://cdn.resfu.com/img_data/players/medium/238174.jpg?size=120x&lossy=1
Liam Cooper;https://cdn.resfu.com/img_data/players/medium/61166.jpg?size=120x&lossy=1
Jack Hendry;https://cdn.resfu.com/img_data/players/medium/276591.jpg?size=120x&lossy=1
James Forrest;https://cdn.resfu.com/img_data/players/medium/66460.jpg?size=120x&lossy=1
David Siger;https://cdn.resfu.com/img_data/players/medium/189554.jpg?size=120x&lossy=1
Roland Varga;https://cdn.resfu.com/img_data/players/medium/218667.jpg?size=120x&lossy=1
Christian Dannemann Eriksen;https://cdn.resfu.com/img_data/players/medium/64944.jpg?size=120x&lossy=1
Leo Onni Artturi Väisänen;https://cdn.resfu.com/img_data/players/medium/290744.jpg?size=120x&lossy=1
Stanislav Lobotka;https://cdn.resfu.com/img_data/players/medium/174823.jpg?size=120x&lossy=1
Adama Traoré Diarra;https://cdn.resfu.com/img_data/players/medium/147301.jpg?size=120x&lossy=1
Tomáš Suslov;https://cdn.resfu.com/img_data/players/medium/810974.jpg?size=120x&lossy=1
Jakub ?wierczok;https://cdn.resfu.com/img_data/players/medium/129546.jpg?size=120x&lossy=1
Przemys?aw P?acheta;https://cdn.resfu.com/img_data/players/medium/475531.jpg?size=120x&lossy=1
Andrey Semenov;https://cdn.resfu.com/img_data/players/medium/280410.jpg?size=120x&lossy=1
Anton Shunin;https://cdn.resfu.com/img_data/players/medium/22747.jpg?size=120x&lossy=1
Timothy Castagne;https://encrypted-tbn0.gstatic.com/images?q=tbn:ANd9GcRtsE3FjFKLJqjUE080KPH8rQ_z6FCboW9kERKEkgJl9hhYok_re2JoBOV6UF0qcs3pfsk&usqp=CAU
Yuri Zhirkov;https://cdn.resfu.com/img_data/players/medium/29380.jpg?size=120x&lossy=1
Denis Cheryshev;https://cdn.resfu.com/img_data/players/medium/37124.jpg?size=120x&lossy=1
Milan Ristovski;https://cdn.resfu.com/img_data/players/medium/667921.jpg?size=120x&lossy=1
Jens-Lys Michel Cajuste;https://cdn.resfu.com/img_data/players/medium/346475.jpg?size=120x&lossy=1
Dylan Levitt;https://cdn.resfu.com/img_data/players/medium/341883.jpg?size=120x&lossy=1
Gustav Svensson;https://cdn.resfu.com/img_data/players/medium/212180.jpg?size=120x&lossy=1
